Program,Enrolments (Overall),% Contribution of PM,Enrolment by PM,AOV,Bookings,Emversity Revenue %,Emversity Revenue,Budgeted CAC (PM),PM Budget (Pre GST)
EDGE (BSC) - AHS + Hospitality,1800,0.379444,683,680000,464440000,0.6,278664000,85000,50490000
SMART (BVOC) - Hospitality,572,0.40035,229,360000,82440000,0.85,70074000,75000,17160000
SPRINT (Certification) - Hospitality,715,0.45035,322,100000,32200000,0.92,29624000,35000,11261250
SPRINT (Certification) - AHS,792,0.400253,317,60000,19020000,0.99,18829800,25000,7920000
Residential Campus,600,0.575,345,500000,172500000,0.975,168187500,75000,22500000
ASCEND,240,0.329167,79,400000,31600000,0.67,21172000,75000,5940000
Total,4719,,1975,,802200000,,586551300,,115271250
